col1,col2,col3,col4
1, M, D,1.791
2, N, D,1.791
3, R, D,1.791
4, G, D,1.791
5, E, D,1.791
6, R, D,1.791
7, Y, D,1.791
8, Q, D,1.791
9, R, D,1.791
10, V, D,1.791
11, S, D,1.791
12, R, D,1.791
13, L, D,1.791
14, G, D,1.854
15, R, D,1.805
16, G, F,1.867
17, G, F,1.819
18, F, D,1.844
19, G, F,1.8769999999999998
20, T, F,1.8419999999999999
21, V, F,1.808
22, Y, F,1.829
23, K, F,1.829
24, C, F,1.767
25, I, F,1.8330000000000002
26, N, F,1.8219999999999998
27, L, F,1.729
28, E, F,1.739
29, T, F,1.6680000000000001
30, G, F,1.597
31, Q, F,1.65
32, L, F,1.649
33, V, F,1.65
34, A, F,1.743
35, V, F,1.76
36, K, F,1.766
37, E, F,1.76
38, V, F,1.768
39, R, D,1.719
40, L, D,1.719
41, A, F,1.7630000000000001
42, A, F,1.785
43, E, D,1.705
44, P, F,1.685
45, D, D,1.6869999999999998
46, G, D,1.6969999999999998
47, N, D,1.6869999999999998
48, S, D,1.75
49, A, D,1.7480000000000002
50, E, F,1.7369999999999999
51, E, D,1.7480000000000002
52, L, D,1.713
53, R, D,1.7919999999999998
54, S, D,1.83
55, E, D,1.811
56, F, D,1.8019999999999998
57, E, F,1.767
58, L, F,1.735
59, L, F,1.6540000000000001
60, S, F,1.6840000000000002
61, R, F,1.6380000000000001
62, V, F,1.673
63, E, F,1.663
64, H, F,1.69
65, P, F,1.681
66, N, F,1.681
67, I, F,1.6340000000000001
68, I, F,1.594
69, R, D,1.588
70, L, D,1.5390000000000001
71, L, D,1.541
72, G, D,1.541
73, H, D,1.536
74, R, F,1.5530000000000002
75, V, F,1.575
76, G, F,1.537
77, R, F,1.607
78, R, F,1.6030000000000002
79, H, F,1.6059999999999999
80, A, F,1.614
81, R, F,1.656
82, L, F,1.7519999999999998
83, F, F,1.736
84, L, F,1.7209999999999999
85, E, F,1.635
86, W, F,1.635
87, A, F,1.6340000000000001
88, A, F,1.726
89, G, F,1.656
90, G, F,1.665
91, S, F,1.733
92, L, F,1.7819999999999998
93, Y, F,1.8559999999999999
94, D, F,1.8019999999999998
95, M, F,1.8259999999999998
96, M, F,1.819
97, K, F,1.85
98, H, F,1.8530000000000002
99, I, F,1.828
100, G, F,1.868
101, A, F,1.913
102, L, F,1.865
103, S, F,1.77
104, S, F,1.7380000000000002
105, G, F,1.761
106, L, F,1.7180000000000002
107, Q, F,1.686
108, E, F,1.713
109, D, F,1.74
110, L, F,1.689
111, V, F,1.704
112, R, F,1.73
113, S, F,1.6469999999999998
114, Y, F,1.6440000000000001
115, V, F,1.6440000000000001
116, Q, F,1.597
117, Q, F,1.6230000000000002
118, I, F,1.535
119, L, F,1.526
120, A, F,1.511
121, A, F,1.555
122, L, F,1.555
123, Q, F,1.555
124, C, F,1.5619999999999998
125, L, F,1.653
126, H, F,1.621
127, E, F,1.6369999999999998
128, H, F,1.6369999999999998
129, G, F,1.614
130, I, F,1.579
131, I, F,1.621
132, H, F,1.63
133, R, F,1.63
134, D, F,1.7
135, L, F,1.6880000000000002
136, K, F,1.665
137, P, F,1.696
138, Q, F,1.6840000000000002
139, N, F,1.709
140, V, F,1.744
141, L, F,1.7380000000000002
142, V, F,1.7380000000000002
143, D, F,1.7469999999999999
144, H, F,1.8130000000000002
145, A, F,1.7919999999999998
146, G, F,1.804
147, V, F,1.712
148, L, F,1.767
149, R, F,1.807
150, V, F,1.7209999999999999
151, T, F,1.709
152, D, F,1.712
153, F, F,1.712
154, G, F,1.704
155, L, F,1.714
156, S, F,1.714
157, R, F,1.695
158, L, F,1.675
159, L, F,1.605
160, S, F,1.6980000000000002
161, D, F,1.73
162, E, F,1.766
163, A, F,1.824
164, S, F,1.8259999999999998
165, V, F,1.78
166, I, F,1.7890000000000001
167, E, F,1.787
168, T, F,1.785
169, V, F,1.7630000000000001
170, I, D,1.7109999999999999
171, A, F,1.754
172, G, F,1.765
173, T, F,1.791
174, P, F,1.806
175, R, F,1.754
176, Y, F,1.798
177, M, F,1.76
178, A, F,1.854
179, P, F,1.9180000000000001
180, E, F,1.952
181, T, F,1.92
182, I, F,1.945
183, R, F,1.965
184, A, F,1.942
185, G, F,1.942
186, R, F,1.921
187, F, F,1.8730000000000002
188, S, F,1.871
189, C, F,1.892
190, G, F,1.901
191, S, F,1.89
192, D, F,1.807
193, L, F,1.847
194, W, F,1.8980000000000001
195, A, F,1.892
196, V, F,1.9409999999999998
197, G, F,2.013
198, A, F,1.942
199, T, F,1.944
200, M, F,1.95
201, S, F,1.8940000000000001
202, E, F,1.9
203, L, F,1.8980000000000001
204, L, F,1.922
205, T, F,1.902
206, G, F,1.89
207, R, F,1.8980000000000001
208, T, F,1.909
209, P, F,1.906
210, W, F,1.9
211, S, D,1.944
212, H, F,1.913
213, L, F,1.929
214, Q, F,1.883
215, P, F,1.837
216, P, F,1.828
217, H, D,1.882
218, V, D,1.901
219, Q, F,1.828
220, Q, D,1.915
221, M, D,1.9140000000000001
222, P, D,1.835
223, S, D,1.831
224, L, D,1.8530000000000002
225, L, D,1.8330000000000002
226, H, D,1.824
227, H, D,1.8769999999999998
228, I, D,1.8030000000000002
229, S, D,1.736
230, N, D,1.72
231, H, D,1.7830000000000001
232, P, D,1.795
233, D, D,1.784
234, E, D,1.8090000000000002
235, H, D,1.776
236, P, D,1.725
237, V, D,1.7269999999999999
238, I, D,1.712
239, P, D,1.69
240, E, D,1.704
241, H, D,1.7280000000000002
242, I, D,1.6780000000000002
243, S, D,1.67
244, D, D,1.739
245, A, D,1.665
246, A, D,1.706
247, K, F,1.7469999999999999
248, E, D,1.739
249, F, F,1.706
250, M, F,1.798
251, M, F,1.838
252, Q, F,1.771
253, C, F,1.785
254, F, F,1.8319999999999999
255, R, F,1.841
256, P, F,1.786
257, E, F,1.72
258, P, F,1.7169999999999999
259, R, F,1.7380000000000002
260, E, F,1.749
261, R, F,1.694
262, G, F,1.686
263, T, D,1.695
264, A, F,1.761
265, A, D,1.733
266, S, D,1.713
267, L, D,1.7590000000000001
268, L, D,1.7590000000000001
269, Q, D,1.7590000000000001
270, H, D,1.7590000000000001
271, T, D,1.7590000000000001
272, F, D,1.7590000000000001
273, L, D,1.7590000000000001
274, K, D,1.7590000000000001
275, R, D,1.7590000000000001
276, E, D,1.7590000000000001
277, K, D,1.7590000000000001
278, K, D,1.7590000000000001
279, E, D,1.7590000000000001
